<?xml version="1.0" encoding="UTF-8" standalone="yes"?>
<manifest>
  <control namespace="SpeechToText" constructor="SpeechToTextControl" version="0.0.2" display-name-key="SpeechToTextControl" description-key="SpeechToTextControl description" control-type="standard" api-version="1.3.18">
    <external-service-usage enabled="false"/>
    <property name="transcribedText" display-name-key="Transcribed Text" description-key="The transcribed text from speech" of-type="Multiple" usage="bound" required="true"/>
    <resources>
      <code path="bundle.js" order="1"/>
      <css path="css/SpeechToTextControl.css" order="1"/>
    </resources>
    <feature-usage/>
    <built-by name="pac" version="1.48.2"/>
  </control>
</manifest>